id,name,category,price
P001,Apple Laptop,Electronics,85000.00
P002,Apple Smartphone,Electronics,65000.00
P003,Apple Tablet,Electronics,45000.00
P004,Apple Monitor,Electronics,75000.00
P005,Apple Smartwatch,Electronics,35000.00
P006,Apple Headphones,Electronics,25000.00
P007,Apple Earbuds,Electronics,18000.00
P008,Apple Keyboard,Electronics,8000.00
P009,Apple Mouse,Electronics,6000.00
P010,Apple Charger,Electronics,2500.00
P011,Samsung Laptop,Electronics,65000.00
P012,Samsung Smartphone,Electronics,55000.00
P013,Samsung Tablet,Electronics,35000.00
P014,Samsung Monitor,Electronics,25000.00
P015,Samsung Smartwatch,Electronics,20000.00
P016,Samsung Headphones,Electronics,12000.00
P017,Samsung Earbuds,Electronics,10000.00
P018,Samsung Keyboard,Electronics,4000.00
P019,Samsung Mouse,Electronics,2500.00
P020,Samsung Charger,Electronics,1500.00
P021,Sony Laptop,Electronics,70000.00
P022,Sony Smartphone,Electronics,60000.00
P023,Sony Tablet,Electronics,40000.00
P024,Sony Monitor,Electronics,30000.00
P025,Sony Smartwatch,Electronics,22000.00
P026,Sony Headphones,Electronics,25000.00
P027,Sony Earbuds,Electronics,15000.00
P028,Sony Keyboard,Electronics,5000.00
P029,Sony Mouse,Electronics,3000.00
P030,Sony Charger,Electronics,2000.00
P031,Dell Laptop,Electronics,55000.00
P032,Dell Smartphone,Electronics,35000.00
P033,Dell Tablet,Electronics,25000.00
P034,Dell Monitor,Electronics,18000.00
P035,Dell Smartwatch,Electronics,15000.00
P036,Dell Headphones,Electronics,8000.00
P037,Dell Earbuds,Electronics,6000.00
P038,Dell Keyboard,Electronics,3000.00
P039,Dell Mouse,Electronics,1500.00
P040,Dell Charger,Electronics,1000.00
P041,HP Laptop,Electronics,52000.00
P042,HP Smartphone,Electronics,32000.00
P043,HP Tablet,Electronics,22000.00
P044,HP Monitor,Electronics,16000.00
P045,HP Smartwatch,Electronics,14000.00
P046,HP Headphones,Electronics,7500.00
P047,HP Earbuds,Electronics,5500.00
P048,HP Keyboard,Electronics,2500.00
P049,HP Mouse,Electronics,1200.00
P050,HP Charger,Electronics,900.00
P051,Lenovo Laptop,Electronics,48000.00
P052,Lenovo Smartphone,Electronics,30000.00
P053,Lenovo Tablet,Electronics,20000.00
P054,Lenovo Monitor,Electronics,15000.00
P055,Lenovo Smartwatch,Electronics,12000.00
P056,Lenovo Headphones,Electronics,6000.00
P057,Lenovo Earbuds,Electronics,4500.00
P058,Lenovo Keyboard,Electronics,2000.00
P059,Lenovo Mouse,Electronics,1000.00
P060,Lenovo Charger,Electronics,800.00
P061,LG Laptop,Electronics,58000.00
P062,LG Smartphone,Electronics,45000.00
P063,LG Tablet,Electronics,28000.00
P064,LG Monitor,Electronics,22000.00
P065,LG Smartwatch,Electronics,18000.00
P066,LG Headphones,Electronics,9000.00
P067,LG Earbuds,Electronics,7000.00
P068,LG Keyboard,Electronics,3500.00
P069,LG Mouse,Electronics,1800.00
P070,LG Charger,Electronics,1200.00
P071,Asus Laptop,Electronics,54000.00
P072,Asus Smartphone,Electronics,38000.00
P073,Asus Tablet,Electronics,24000.00
P074,Asus Monitor,Electronics,19000.00
P075,Asus Smartwatch,Electronics,16000.00
P076,Asus Headphones,Electronics,8500.00
P077,Asus Earbuds,Electronics,6500.00
P078,Asus Keyboard,Electronics,3200.00
P079,Asus Mouse,Electronics,1600.00
P080,Asus Charger,Electronics,1100.00
P081,Acer Laptop,Electronics,46000.00
P082,Acer Smartphone,Electronics,28000.00
P083,Acer Tablet,Electronics,18000.00
P084,Acer Monitor,Electronics,14000.00
P085,Acer Smartwatch,Electronics,11000.00
P086,Acer Headphones,Electronics,5500.00
P087,Acer Earbuds,Electronics,4000.00
P088,Acer Keyboard,Electronics,1800.00
P089,Acer Mouse,Electronics,900.00
P090,Acer Charger,Electronics,700.00
P091,Microsoft Laptop,Electronics,75000.00
P092,Microsoft Smartphone,Electronics,60000.00
P093,Microsoft Tablet,Electronics,50000.00
P094,Microsoft Monitor,Electronics,40000.00
P095,Microsoft Smartwatch,Electronics,25000.00
P096,Microsoft Headphones,Electronics,20000.00
P097,Microsoft Earbuds,Electronics,15000.00
P098,Microsoft Keyboard,Electronics,6000.00
P099,Microsoft Mouse,Electronics,4000.00
P100,Microsoft Charger,Electronics,3000.00
P101,Nike Running Shoes,Apparel,4500.00
P102,Nike Sneakers,Apparel,5000.00
P103,Nike T-Shirt,Apparel,1200.00
P104,Nike Shorts,Apparel,1500.00
P105,Nike Trackpants,Apparel,2500.00
P106,Nike Jacket,Apparel,4000.00
P107,Nike Hoodie,Apparel,3500.00
P108,Nike Cap,Apparel,800.00
P109,Nike Socks,Apparel,400.00
P110,Nike Gym Bag,Apparel,2000.00
P111,Adidas Running Shoes,Apparel,4200.00
P112,Adidas Sneakers,Apparel,4800.00
P113,Adidas T-Shirt,Apparel,1100.00
P114,Adidas Shorts,Apparel,1400.00
P115,Adidas Trackpants,Apparel,2300.00
P116,Adidas Jacket,Apparel,3800.00
P117,Adidas Hoodie,Apparel,3200.00
P118,Adidas Cap,Apparel,700.00
P119,Adidas Socks,Apparel,350.00
P120,Adidas Gym Bag,Apparel,1800.00
P121,Puma Running Shoes,Apparel,3500.00
P122,Puma Sneakers,Apparel,4000.00
P123,Puma T-Shirt,Apparel,900.00
P124,Puma Shorts,Apparel,1100.00
P125,Puma Trackpants,Apparel,1800.00
P126,Puma Jacket,Apparel,3000.00
P127,Puma Hoodie,Apparel,2500.00
P128,Puma Cap,Apparel,600.00
P129,Puma Socks,Apparel,300.00
P130,Puma Gym Bag,Apparel,1500.00
P131,Reebok Running Shoes,Apparel,3200.00
P132,Reebok Sneakers,Apparel,3800.00
P133,Reebok T-Shirt,Apparel,800.00
P134,Reebok Shorts,Apparel,1000.00
P135,Reebok Trackpants,Apparel,1600.00
P136,Reebok Jacket,Apparel,2800.00
P137,Reebok Hoodie,Apparel,2200.00
P138,Reebok Cap,Apparel,500.00
P139,Reebok Socks,Apparel,250.00
P140,Reebok Gym Bag,Apparel,1200.00
P141,Under Armour Running Shoes,Apparel,4800.00
P142,Under Armour Sneakers,Apparel,5500.00
P143,Under Armour T-Shirt,Apparel,1500.00
P144,Under Armour Shorts,Apparel,1800.00
P145,Under Armour Trackpants,Apparel,2800.00
P146,Under Armour Jacket,Apparel,4500.00
P147,Under Armour Hoodie,Apparel,3800.00
P148,Under Armour Cap,Apparel,900.00
P149,Under Armour Socks,Apparel,500.00
P150,Under Armour Gym Bag,Apparel,2200.00
P151,New Balance Running Shoes,Apparel,4000.00
P152,New Balance Sneakers,Apparel,4500.00
P153,New Balance T-Shirt,Apparel,1000.00
P154,New Balance Shorts,Apparel,1200.00
P155,New Balance Trackpants,Apparel,2000.00
P156,New Balance Jacket,Apparel,3500.00
P157,New Balance Hoodie,Apparel,2800.00
P158,New Balance Cap,Apparel,650.00
P159,New Balance Socks,Apparel,350.00
P160,New Balance Gym Bag,Apparel,1600.00
P161,Asics Running Shoes,Apparel,5000.00
P162,Asics Sneakers,Apparel,5200.00
P163,Asics T-Shirt,Apparel,1300.00
P164,Asics Shorts,Apparel,1600.00
P165,Asics Trackpants,Apparel,2600.00
P166,Asics Jacket,Apparel,4200.00
P167,Asics Hoodie,Apparel,3600.00
P168,Asics Cap,Apparel,850.00
P169,Asics Socks,Apparel,450.00
P170,Asics Gym Bag,Apparel,2100.00
P171,Fila Running Shoes,Apparel,2800.00
P172,Fila Sneakers,Apparel,3200.00
P173,Fila T-Shirt,Apparel,700.00
P174,Fila Shorts,Apparel,900.00
P175,Fila Trackpants,Apparel,1400.00
P176,Fila Jacket,Apparel,2500.00
P177,Fila Hoodie,Apparel,2000.00
P178,Fila Cap,Apparel,450.00
P179,Fila Socks,Apparel,200.00
P180,Fila Gym Bag,Apparel,1000.00
P181,Skechers Running Shoes,Apparel,3600.00
P182,Skechers Sneakers,Apparel,4100.00
P183,Skechers T-Shirt,Apparel,850.00
P184,Skechers Shorts,Apparel,1050.00
P185,Skechers Trackpants,Apparel,1700.00
P186,Skechers Jacket,Apparel,2900.00
P187,Skechers Hoodie,Apparel,2400.00
P188,Skechers Cap,Apparel,550.00
P189,Skechers Socks,Apparel,280.00
P190,Skechers Gym Bag,Apparel,1300.00
P191,Converse Running Shoes,Apparel,2500.00
P192,Converse Sneakers,Apparel,3500.00
P193,Converse T-Shirt,Apparel,750.00
P194,Converse Shorts,Apparel,950.00
P195,Converse Trackpants,Apparel,1500.00
P196,Converse Jacket,Apparel,2600.00
P197,Converse Hoodie,Apparel,2100.00
P198,Converse Cap,Apparel,480.00
P199,Converse Socks,Apparel,220.00
P200,Converse Gym Bag,Apparel,1100.00
P201,Sony Gaming Mouse,Gaming,3500.00
P202,Sony Mechanical Keyboard,Gaming,7000.00
P203,Sony Headset,Gaming,8000.00
P204,Sony Mousepad,Gaming,1000.00
P205,Sony Controller,Gaming,5000.00
P206,Sony Console,Gaming,50000.00
P207,Sony Gaming Chair,Gaming,15000.00
P208,Sony Webcam,Gaming,4000.00
P209,Sony Microphone,Gaming,6000.00
P210,Sony Gaming Monitor,Gaming,25000.00
P211,Microsoft Gaming Mouse,Gaming,3000.00
P212,Microsoft Mechanical Keyboard,Gaming,6500.00
P213,Microsoft Headset,Gaming,7500.00
P214,Microsoft Mousepad,Gaming,800.00
P215,Microsoft Controller,Gaming,4500.00
P216,Microsoft Console,Gaming,48000.00
P217,Microsoft Gaming Chair,Gaming,14000.00
P218,Microsoft Webcam,Gaming,3500.00
P219,Microsoft Microphone,Gaming,5500.00
P220,Microsoft Gaming Monitor,Gaming,23000.00
P221,Nintendo Gaming Mouse,Gaming,2500.00
P222,Nintendo Mechanical Keyboard,Gaming,5000.00
P223,Nintendo Headset,Gaming,6000.00
P224,Nintendo Mousepad,Gaming,600.00
P225,Nintendo Controller,Gaming,4000.00
P226,Nintendo Console,Gaming,30000.00
P227,Nintendo Gaming Chair,Gaming,12000.00
P228,Nintendo Webcam,Gaming,2500.00
P229,Nintendo Microphone,Gaming,4000.00
P230,Nintendo Gaming Monitor,Gaming,18000.00
P231,Razer Gaming Mouse,Gaming,5000.00
P232,Razer Mechanical Keyboard,Gaming,10000.00
P233,Razer Headset,Gaming,12000.00
P234,Razer Mousepad,Gaming,1500.00
P235,Razer Controller,Gaming,6000.00
P236,Razer Console,Gaming,45000.00
P237,Razer Gaming Chair,Gaming,20000.00
P238,Razer Webcam,Gaming,5000.00
P239,Razer Microphone,Gaming,8000.00
P240,Razer Gaming Monitor,Gaming,30000.00
P241,Corsair Gaming Mouse,Gaming,4500.00
P242,Corsair Mechanical Keyboard,Gaming,9000.00
P243,Corsair Headset,Gaming,10000.00
P244,Corsair Mousepad,Gaming,1200.00
P245,Corsair Controller,Gaming,5500.00
P246,Corsair Console,Gaming,42000.00
P247,Corsair Gaming Chair,Gaming,18000.00
P248,Corsair Webcam,Gaming,4500.00
P249,Corsair Microphone,Gaming,7000.00
P250,Corsair Gaming Monitor,Gaming,28000.00
P251,HyperX Gaming Mouse,Gaming,4000.00
P252,HyperX Mechanical Keyboard,Gaming,8000.00
P253,HyperX Headset,Gaming,9000.00
P254,HyperX Mousepad,Gaming,1100.00
P255,HyperX Controller,Gaming,5000.00
P256,HyperX Console,Gaming,38000.00
P257,HyperX Gaming Chair,Gaming,16000.00
P258,HyperX Webcam,Gaming,3800.00
P259,HyperX Microphone,Gaming,6500.00
P260,HyperX Gaming Monitor,Gaming,26000.00
P261,SteelSeries Gaming Mouse,Gaming,4200.00
P262,SteelSeries Mechanical Keyboard,Gaming,8500.00
P263,SteelSeries Headset,Gaming,9500.00
P264,SteelSeries Mousepad,Gaming,1300.00
P265,SteelSeries Controller,Gaming,5200.00
P266,SteelSeries Console,Gaming,40000.00
P267,SteelSeries Gaming Chair,Gaming,17000.00
P268,SteelSeries Webcam,Gaming,4200.00
P269,SteelSeries Microphone,Gaming,6800.00
P270,SteelSeries Gaming Monitor,Gaming,27000.00
P271,Logitech Gaming Mouse,Gaming,4800.00
P272,Logitech Mechanical Keyboard,Gaming,9500.00
P273,Logitech Headset,Gaming,11000.00
P274,Logitech Mousepad,Gaming,1400.00
P275,Logitech Controller,Gaming,5800.00
P276,Logitech Console,Gaming,44000.00
P277,Logitech Gaming Chair,Gaming,19000.00
P278,Logitech Webcam,Gaming,4800.00
P279,Logitech Microphone,Gaming,7500.00
P280,Logitech Gaming Monitor,Gaming,29000.00
P281,MSI Gaming Mouse,Gaming,3800.00
P282,MSI Mechanical Keyboard,Gaming,7500.00
P283,MSI Headset,Gaming,8500.00
P284,MSI Mousepad,Gaming,900.00
P285,MSI Controller,Gaming,4800.00
P286,MSI Console,Gaming,36000.00
P287,MSI Gaming Chair,Gaming,15000.00
P288,MSI Webcam,Gaming,3600.00
P289,MSI Microphone,Gaming,6200.00
P290,MSI Gaming Monitor,Gaming,24000.00
P291,Alienware Gaming Mouse,Gaming,5500.00
P292,Alienware Mechanical Keyboard,Gaming,12000.00
P293,Alienware Headset,Gaming,14000.00
P294,Alienware Mousepad,Gaming,1800.00
P295,Alienware Controller,Gaming,6500.00
P296,Alienware Console,Gaming,55000.00
P297,Alienware Gaming Chair,Gaming,25000.00
P298,Alienware Webcam,Gaming,6000.00
P299,Alienware Microphone,Gaming,9000.00
P300,Alienware Gaming Monitor,Gaming,35000.00
P301,IKEA Office Chair,Furniture,8000.00
P302,IKEA Desk,Furniture,12000.00
P303,IKEA Bookshelf,Furniture,6000.00
P304,IKEA Lamp,Furniture,1500.00
P305,IKEA Sofa,Furniture,25000.00
P306,IKEA Coffee Table,Furniture,5000.00
P307,IKEA Dining Table,Furniture,18000.00
P308,IKEA Bed Frame,Furniture,20000.00
P309,IKEA Nightstand,Furniture,3000.00
P310,IKEA Dresser,Furniture,10000.00
P311,Ashley Office Chair,Furniture,10000.00
P312,Ashley Desk,Furniture,15000.00
P313,Ashley Bookshelf,Furniture,8000.00
P314,Ashley Lamp,Furniture,2000.00
P315,Ashley Sofa,Furniture,35000.00
P316,Ashley Coffee Table,Furniture,7000.00
P317,Ashley Dining Table,Furniture,25000.00
P318,Ashley Bed Frame,Furniture,28000.00
P319,Ashley Nightstand,Furniture,4500.00
P320,Ashley Dresser,Furniture,14000.00
P321,Wayfair Office Chair,Furniture,9000.00
P322,Wayfair Desk,Furniture,14000.00
P323,Wayfair Bookshelf,Furniture,7500.00
P324,Wayfair Lamp,Furniture,1800.00
P325,Wayfair Sofa,Furniture,32000.00
P326,Wayfair Coffee Table,Furniture,6500.00
P327,Wayfair Dining Table,Furniture,22000.00
P328,Wayfair Bed Frame,Furniture,25000.00
P329,Wayfair Nightstand,Furniture,4000.00
P330,Wayfair Dresser,Furniture,12000.00
P331,Herman Miller Office Chair,Furniture,50000.00
P332,Herman Miller Desk,Furniture,60000.00
P333,Herman Miller Bookshelf,Furniture,30000.00
P334,Herman Miller Lamp,Furniture,8000.00
P335,Herman Miller Sofa,Furniture,80000.00
P336,Herman Miller Coffee Table,Furniture,20000.00
P337,Herman Miller Dining Table,Furniture,70000.00
P338,Herman Miller Bed Frame,Furniture,90000.00
P339,Herman Miller Nightstand,Furniture,15000.00
P340,Herman Miller Dresser,Furniture,45000.00
P341,Steelcase Office Chair,Furniture,45000.00
P342,Steelcase Desk,Furniture,55000.00
P343,Steelcase Bookshelf,Furniture,28000.00
P344,Steelcase Lamp,Furniture,7000.00
P345,Steelcase Sofa,Furniture,75000.00
P346,Steelcase Coffee Table,Furniture,18000.00
P347,Steelcase Dining Table,Furniture,65000.00
P348,Steelcase Bed Frame,Furniture,85000.00
P349,Steelcase Nightstand,Furniture,14000.00
P350,Steelcase Dresser,Furniture,40000.00
P351,West Elm Office Chair,Furniture,15000.00
P352,West Elm Desk,Furniture,20000.00
P353,West Elm Bookshelf,Furniture,12000.00
P354,West Elm Lamp,Furniture,3000.00
P355,West Elm Sofa,Furniture,45000.00
P356,West Elm Coffee Table,Furniture,10000.00
P357,West Elm Dining Table,Furniture,35000.00
P358,West Elm Bed Frame,Furniture,40000.00
P359,West Elm Nightstand,Furniture,6000.00
P360,West Elm Dresser,Furniture,20000.00
P361,Pottery Barn Office Chair,Furniture,18000.00
P362,Pottery Barn Desk,Furniture,25000.00
P363,Pottery Barn Bookshelf,Furniture,15000.00
P364,Pottery Barn Lamp,Furniture,4000.00
P365,Pottery Barn Sofa,Furniture,55000.00
P366,Pottery Barn Coffee Table,Furniture,12000.00
P367,Pottery Barn Dining Table,Furniture,45000.00
P368,Pottery Barn Bed Frame,Furniture,50000.00
P369,Pottery Barn Nightstand,Furniture,8000.00
P370,Pottery Barn Dresser,Furniture,25000.00
P371,CB2 Office Chair,Furniture,16000.00
P372,CB2 Desk,Furniture,22000.00
P373,CB2 Bookshelf,Furniture,13000.00
P374,CB2 Lamp,Furniture,3500.00
P375,CB2 Sofa,Furniture,48000.00
P376,CB2 Coffee Table,Furniture,11000.00
P377,CB2 Dining Table,Furniture,40000.00
P378,CB2 Bed Frame,Furniture,45000.00
P379,CB2 Nightstand,Furniture,7000.00
P380,CB2 Dresser,Furniture,22000.00
P381,Crate & Barrel Office Chair,Furniture,17000.00
P382,Crate & Barrel Desk,Furniture,24000.00
P383,Crate & Barrel Bookshelf,Furniture,14000.00
P384,Crate & Barrel Lamp,Furniture,3800.00
P385,Crate & Barrel Sofa,Furniture,52000.00
P386,Crate & Barrel Coffee Table,Furniture,11500.00
P387,Crate & Barrel Dining Table,Furniture,42000.00
P388,Crate & Barrel Bed Frame,Furniture,48000.00
P389,Crate & Barrel Nightstand,Furniture,7500.00
P390,Crate & Barrel Dresser,Furniture,24000.00
P391,Target Office Chair,Furniture,5000.00
P392,Target Desk,Furniture,8000.00
P393,Target Bookshelf,Furniture,4000.00
P394,Target Lamp,Furniture,1000.00
P395,Target Sofa,Furniture,18000.00
P396,Target Coffee Table,Furniture,3500.00
P397,Target Dining Table,Furniture,12000.00
P398,Target Bed Frame,Furniture,15000.00
P399,Target Nightstand,Furniture,2000.00
P400,Target Dresser,Furniture,7000.00
P401,Philips Blender,Appliances,3500.00
P402,Philips Toaster,Appliances,2000.00
P403,Philips Microwave,Appliances,8000.00
P404,Philips Coffee Maker,Appliances,4500.00
P405,Philips Vacuum Cleaner,Appliances,9000.00
P406,Philips Air Purifier,Appliances,12000.00
P407,Philips Electric Kettle,Appliances,1500.00
P408,Philips Mixer,Appliances,4000.00
P409,Philips Food Processor,Appliances,6500.00
P410,Philips Iron,Appliances,1200.00
P411,Bosch Blender,Appliances,4000.00
P412,Bosch Toaster,Appliances,2500.00
P413,Bosch Microwave,Appliances,9000.00
P414,Bosch Coffee Maker,Appliances,5000.00
P415,Bosch Vacuum Cleaner,Appliances,10000.00
P416,Bosch Air Purifier,Appliances,14000.00
P417,Bosch Electric Kettle,Appliances,1800.00
P418,Bosch Mixer,Appliances,4500.00
P419,Bosch Food Processor,Appliances,7000.00
P420,Bosch Iron,Appliances,1500.00
P421,LG Blender,Appliances,3800.00
P422,LG Toaster,Appliances,2200.00
P423,LG Microwave,Appliances,8500.00
P424,LG Coffee Maker,Appliances,4800.00
P425,LG Vacuum Cleaner,Appliances,9500.00
P426,LG Air Purifier,Appliances,13000.00
P427,LG Electric Kettle,Appliances,1600.00
P428,LG Mixer,Appliances,4200.00
P429,LG Food Processor,Appliances,6800.00
P430,LG Iron,Appliances,1400.00
P431,Samsung Blender,Appliances,4200.00
P432,Samsung Toaster,Appliances,2600.00
P433,Samsung Microwave,Appliances,9500.00
P434,Samsung Coffee Maker,Appliances,5500.00
P435,Samsung Vacuum Cleaner,Appliances,11000.00
P436,Samsung Air Purifier,Appliances,15000.00
P437,Samsung Electric Kettle,Appliances,2000.00
P438,Samsung Mixer,Appliances,4800.00
P439,Samsung Food Processor,Appliances,7500.00
P440,Samsung Iron,Appliances,1600.00
P441,Whirlpool Blender,Appliances,3200.00
P442,Whirlpool Toaster,Appliances,1800.00
P443,Whirlpool Microwave,Appliances,7500.00
P444,Whirlpool Coffee Maker,Appliances,4000.00
P445,Whirlpool Vacuum Cleaner,Appliances,8000.00
P446,Whirlpool Air Purifier,Appliances,11000.00
P447,Whirlpool Electric Kettle,Appliances,1400.00
P448,Whirlpool Mixer,Appliances,3800.00
P449,Whirlpool Food Processor,Appliances,6000.00
P450,Whirlpool Iron,Appliances,1100.00
P451,Panasonic Blender,Appliances,3600.00
P452,Panasonic Toaster,Appliances,2100.00
P453,Panasonic Microwave,Appliances,8200.00
P454,Panasonic Coffee Maker,Appliances,4600.00
P455,Panasonic Vacuum Cleaner,Appliances,9200.00
P456,Panasonic Air Purifier,Appliances,12500.00
P457,Panasonic Electric Kettle,Appliances,1700.00
P458,Panasonic Mixer,Appliances,4100.00
P459,Panasonic Food Processor,Appliances,6600.00
P460,Panasonic Iron,Appliances,1300.00
P461,Dyson Blender,Appliances,15000.00
P462,Dyson Toaster,Appliances,8000.00
P463,Dyson Microwave,Appliances,25000.00
P464,Dyson Coffee Maker,Appliances,18000.00
P465,Dyson Vacuum Cleaner,Appliances,45000.00
P466,Dyson Air Purifier,Appliances,35000.00
P467,Dyson Electric Kettle,Appliances,6000.00
P468,Dyson Mixer,Appliances,12000.00
P469,Dyson Food Processor,Appliances,20000.00
P470,Dyson Iron,Appliances,5000.00
P471,KitchenAid Blender,Appliances,8000.00
P472,KitchenAid Toaster,Appliances,5000.00
P473,KitchenAid Microwave,Appliances,15000.00
P474,KitchenAid Coffee Maker,Appliances,10000.00
P475,KitchenAid Vacuum Cleaner,Appliances,20000.00
P476,KitchenAid Air Purifier,Appliances,18000.00
P477,KitchenAid Electric Kettle,Appliances,4000.00
P478,KitchenAid Mixer,Appliances,35000.00
P479,KitchenAid Food Processor,Appliances,12000.00
P480,KitchenAid Iron,Appliances,3000.00
P481,Breville Blender,Appliances,9000.00
P482,Breville Toaster,Appliances,6000.00
P483,Breville Microwave,Appliances,18000.00
P484,Breville Coffee Maker,Appliances,12000.00
P485,Breville Vacuum Cleaner,Appliances,22000.00
P486,Breville Air Purifier,Appliances,20000.00
P487,Breville Electric Kettle,Appliances,5000.00
P488,Breville Mixer,Appliances,15000.00
P489,Breville Food Processor,Appliances,14000.00
P490,Breville Iron,Appliances,3500.00
P491,Cuisinart Blender,Appliances,6000.00
P492,Cuisinart Toaster,Appliances,3500.00
P493,Cuisinart Microwave,Appliances,12000.00
P494,Cuisinart Coffee Maker,Appliances,7000.00
P495,Cuisinart Vacuum Cleaner,Appliances,15000.00
P496,Cuisinart Air Purifier,Appliances,16000.00
P497,Cuisinart Electric Kettle,Appliances,3000.00
P498,Cuisinart Mixer,Appliances,10000.00
P499,Cuisinart Food Processor,Appliances,9000.00
P500,Cuisinart Iron,Appliances,2500.00
P501,Pilot Ballpoint Pen,Stationery,50.00
P502,Pilot Fountain Pen,Stationery,250.00
P503,Pilot Notebook,Stationery,120.00
P504,Pilot Sketchbook,Stationery,150.00
P505,Pilot Highlighter Set,Stationery,180.00
P506,Pilot Mechanical Pencil,Stationery,80.00
P507,Pilot Eraser,Stationery,20.00
P508,Pilot Ruler,Stationery,30.00
P509,Pilot Marker Set,Stationery,200.00
P510,Pilot Pencil Case,Stationery,100.00
P511,Parker Ballpoint Pen,Stationery,300.00
P512,Parker Fountain Pen,Stationery,800.00
P513,Parker Notebook,Stationery,250.00
P514,Parker Sketchbook,Stationery,300.00
P515,Parker Highlighter Set,Stationery,250.00
P516,Parker Mechanical Pencil,Stationery,150.00
P517,Parker Eraser,Stationery,40.00
P518,Parker Ruler,Stationery,50.00
P519,Parker Marker Set,Stationery,350.00
P520,Parker Pencil Case,Stationery,200.00
P521,Lamy Ballpoint Pen,Stationery,400.00
P522,Lamy Fountain Pen,Stationery,1200.00
P523,Lamy Notebook,Stationery,350.00
P524,Lamy Sketchbook,Stationery,450.00
P525,Lamy Highlighter Set,Stationery,300.00
P526,Lamy Mechanical Pencil,Stationery,200.00
P527,Lamy Eraser,Stationery,50.00
P528,Lamy Ruler,Stationery,60.00
P529,Lamy Marker Set,Stationery,400.00
P530,Lamy Pencil Case,Stationery,250.00
P531,Faber-Castell Ballpoint Pen,Stationery,80.00
P532,Faber-Castell Fountain Pen,Stationery,350.00
P533,Faber-Castell Notebook,Stationery,150.00
P534,Faber-Castell Sketchbook,Stationery,200.00
P535,Faber-Castell Highlighter Set,Stationery,120.00
P536,Faber-Castell Mechanical Pencil,Stationery,60.00
P537,Faber-Castell Eraser,Stationery,25.00
P538,Faber-Castell Ruler,Stationery,35.00
P539,Faber-Castell Marker Set,Stationery,180.00
P540,Faber-Castell Pencil Case,Stationery,120.00
P541,Staedtler Ballpoint Pen,Stationery,60.00
P542,Staedtler Fountain Pen,Stationery,300.00
P543,Staedtler Notebook,Stationery,140.00
P544,Staedtler Sketchbook,Stationery,180.00
P545,Staedtler Highlighter Set,Stationery,110.00
P546,Staedtler Mechanical Pencil,Stationery,50.00
P547,Staedtler Eraser,Stationery,22.00
P548,Staedtler Ruler,Stationery,32.00
P549,Staedtler Marker Set,Stationery,160.00
P550,Staedtler Pencil Case,Stationery,110.00
P551,Moleskine Ballpoint Pen,Stationery,500.00
P552,Moleskine Fountain Pen,Stationery,1500.00
P553,Moleskine Notebook,Stationery,800.00
P554,Moleskine Sketchbook,Stationery,900.00
P555,Moleskine Highlighter Set,Stationery,400.00
P556,Moleskine Mechanical Pencil,Stationery,350.00
P557,Moleskine Eraser,Stationery,80.00
P558,Moleskine Ruler,Stationery,100.00
P559,Moleskine Marker Set,Stationery,600.00
P560,Moleskine Pencil Case,Stationery,400.00
P561,Sharpie Ballpoint Pen,Stationery,40.00
P562,Sharpie Fountain Pen,Stationery,200.00
P563,Sharpie Notebook,Stationery,100.00
P564,Sharpie Sketchbook,Stationery,120.00
P565,Sharpie Highlighter Set,Stationery,150.00
P566,Sharpie Mechanical Pencil,Stationery,70.00
P567,Sharpie Eraser,Stationery,15.00
P568,Sharpie Ruler,Stationery,20.00
P569,Sharpie Marker Set,Stationery,250.00
P570,Sharpie Pencil Case,Stationery,90.00
P571,BIC Ballpoint Pen,Stationery,20.00
P572,BIC Fountain Pen,Stationery,100.00
P573,BIC Notebook,Stationery,80.00
P574,BIC Sketchbook,Stationery,100.00
P575,BIC Highlighter Set,Stationery,90.00
P576,BIC Mechanical Pencil,Stationery,40.00
P577,BIC Eraser,Stationery,10.00
P578,BIC Ruler,Stationery,15.00
P579,BIC Marker Set,Stationery,120.00
P580,BIC Pencil Case,Stationery,60.00
P581,Paper Mate Ballpoint Pen,Stationery,30.00
P582,Paper Mate Fountain Pen,Stationery,150.00
P583,Paper Mate Notebook,Stationery,90.00
P584,Paper Mate Sketchbook,Stationery,110.00
P585,Paper Mate Highlighter Set,Stationery,100.00
P586,Paper Mate Mechanical Pencil,Stationery,45.00
P587,Paper Mate Eraser,Stationery,12.00
P588,Paper Mate Ruler,Stationery,18.00
P589,Paper Mate Marker Set,Stationery,140.00
P590,Paper Mate Pencil Case,Stationery,70.00
P591,Pentel Ballpoint Pen,Stationery,70.00
P592,Pentel Fountain Pen,Stationery,280.00
P593,Pentel Notebook,Stationery,130.00
P594,Pentel Sketchbook,Stationery,160.00
P595,Pentel Highlighter Set,Stationery,130.00
P596,Pentel Mechanical Pencil,Stationery,90.00
P597,Pentel Eraser,Stationery,28.00
P598,Pentel Ruler,Stationery,38.00
P599,Pentel Marker Set,Stationery,190.00
P600,Pentel Pencil Case,Stationery,130.00
P601,Lays Potato Chips,Grocery,30.00
P602,Lays Chocolate Bar,Grocery,50.00
P603,Lays Cookies,Grocery,40.00
P604,Lays Wafers,Grocery,25.00
P605,Lays Candy,Grocery,10.00
P606,Lays Dark Chocolate,Grocery,80.00
P607,Lays Milk Chocolate,Grocery,70.00
P608,Lays Gummy Bears,Grocery,45.00
P609,Lays Snack Pack,Grocery,100.00
P610,Lays Biscuits,Grocery,35.00
P611,Doritos Potato Chips,Grocery,35.00
P612,Doritos Chocolate Bar,Grocery,55.00
P613,Doritos Cookies,Grocery,45.00
P614,Doritos Wafers,Grocery,30.00
P615,Doritos Candy,Grocery,15.00
P616,Doritos Dark Chocolate,Grocery,85.00
P617,Doritos Milk Chocolate,Grocery,75.00
P618,Doritos Gummy Bears,Grocery,50.00
P619,Doritos Snack Pack,Grocery,110.00
P620,Doritos Biscuits,Grocery,40.00
P621,Pringles Potato Chips,Grocery,90.00
P622,Pringles Chocolate Bar,Grocery,60.00
P623,Pringles Cookies,Grocery,50.00
P624,Pringles Wafers,Grocery,35.00
P625,Pringles Candy,Grocery,20.00
P626,Pringles Dark Chocolate,Grocery,90.00
P627,Pringles Milk Chocolate,Grocery,80.00
P628,Pringles Gummy Bears,Grocery,55.00
P629,Pringles Snack Pack,Grocery,120.00
P630,Pringles Biscuits,Grocery,45.00
P631,Oreo Potato Chips,Grocery,40.00
P632,Oreo Chocolate Bar,Grocery,65.00
P633,Oreo Cookies,Grocery,30.00
P634,Oreo Wafers,Grocery,40.00
P635,Oreo Candy,Grocery,25.00
P636,Oreo Dark Chocolate,Grocery,95.00
P637,Oreo Milk Chocolate,Grocery,85.00
P638,Oreo Gummy Bears,Grocery,60.00
P639,Oreo Snack Pack,Grocery,130.00
P640,Oreo Biscuits,Grocery,35.00
P641,Cadbury Potato Chips,Grocery,45.00
P642,Cadbury Chocolate Bar,Grocery,40.00
P643,Cadbury Cookies,Grocery,55.00
P644,Cadbury Wafers,Grocery,45.00
P645,Cadbury Candy,Grocery,30.00
P646,Cadbury Dark Chocolate,Grocery,100.00
P647,Cadbury Milk Chocolate,Grocery,90.00
P648,Cadbury Gummy Bears,Grocery,65.00
P649,Cadbury Snack Pack,Grocery,140.00
P650,Cadbury Biscuits,Grocery,55.00
P651,Nestle Potato Chips,Grocery,50.00
P652,Nestle Chocolate Bar,Grocery,45.00
P653,Nestle Cookies,Grocery,60.00
P654,Nestle Wafers,Grocery,50.00
P655,Nestle Candy,Grocery,35.00
P656,Nestle Dark Chocolate,Grocery,110.00
P657,Nestle Milk Chocolate,Grocery,100.00
P658,Nestle Gummy Bears,Grocery,70.00
P659,Nestle Snack Pack,Grocery,150.00
P660,Nestle Biscuits,Grocery,60.00
P661,Hershey Potato Chips,Grocery,55.00
P662,Hershey Chocolate Bar,Grocery,50.00
P663,Hershey Cookies,Grocery,65.00
P664,Hershey Wafers,Grocery,55.00
P665,Hershey Candy,Grocery,40.00
P666,Hershey Dark Chocolate,Grocery,120.00
P667,Hershey Milk Chocolate,Grocery,110.00
P668,Hershey Gummy Bears,Grocery,75.00
P669,Hershey Snack Pack,Grocery,160.00
P670,Hershey Biscuits,Grocery,65.00
P671,Ferrero Potato Chips,Grocery,60.00
P672,Ferrero Chocolate Bar,Grocery,150.00
P673,Ferrero Cookies,Grocery,70.00
P674,Ferrero Wafers,Grocery,60.00
P675,Ferrero Candy,Grocery,45.00
P676,Ferrero Dark Chocolate,Grocery,130.00
P677,Ferrero Milk Chocolate,Grocery,120.00
P678,Ferrero Gummy Bears,Grocery,80.00
P679,Ferrero Snack Pack,Grocery,170.00
P680,Ferrero Biscuits,Grocery,70.00
P681,Mars Potato Chips,Grocery,65.00
P682,Mars Chocolate Bar,Grocery,60.00
P683,Mars Cookies,Grocery,75.00
P684,Mars Wafers,Grocery,65.00
P685,Mars Candy,Grocery,50.00
P686,Mars Dark Chocolate,Grocery,140.00
P687,Mars Milk Chocolate,Grocery,130.00
P688,Mars Gummy Bears,Grocery,85.00
P689,Mars Snack Pack,Grocery,180.00
P690,Mars Biscuits,Grocery,75.00
P691,Lindt Potato Chips,Grocery,70.00
P692,Lindt Chocolate Bar,Grocery,200.00
P693,Lindt Cookies,Grocery,80.00
P694,Lindt Wafers,Grocery,70.00
P695,Lindt Candy,Grocery,55.00
P696,Lindt Dark Chocolate,Grocery,250.00
P697,Lindt Milk Chocolate,Grocery,240.00
P698,Lindt Gummy Bears,Grocery,90.00
P699,Lindt Snack Pack,Grocery,190.00
P700,Lindt Biscuits,Grocery,80.00
P701,JBL Portable Speaker,Audio,3000.00
P702,JBL Wireless Earbuds,Audio,4500.00
P703,JBL Over-Ear Headphones,Audio,6000.00
P704,JBL Soundbar,Audio,12000.00
P705,JBL Home Theater,Audio,25000.00
P706,JBL DJ Headphones,Audio,8000.00
P707,JBL Studio Monitor,Audio,15000.00
P708,JBL Party Speaker,Audio,20000.00
P709,JBL Earphones,Audio,1500.00
P710,JBL Amp,Audio,10000.00
P711,Bose Portable Speaker,Audio,12000.00
P712,Bose Wireless Earbuds,Audio,18000.00
P713,Bose Over-Ear Headphones,Audio,25000.00
P714,Bose Soundbar,Audio,45000.00
P715,Bose Home Theater,Audio,85000.00
P716,Bose DJ Headphones,Audio,30000.00
P717,Bose Studio Monitor,Audio,55000.00
P718,Bose Party Speaker,Audio,65000.00
P719,Bose Earphones,Audio,6000.00
P720,Bose Amp,Audio,35000.00
P721,Sennheiser Portable Speaker,Audio,8000.00
P722,Sennheiser Wireless Earbuds,Audio,15000.00
P723,Sennheiser Over-Ear Headphones,Audio,22000.00
P724,Sennheiser Soundbar,Audio,35000.00
P725,Sennheiser Home Theater,Audio,70000.00
P726,Sennheiser DJ Headphones,Audio,25000.00
P727,Sennheiser Studio Monitor,Audio,45000.00
P728,Sennheiser Party Speaker,Audio,55000.00
P729,Sennheiser Earphones,Audio,5000.00
P730,Sennheiser Amp,Audio,28000.00
P731,Audio-Technica Portable Speaker,Audio,6000.00
P732,Audio-Technica Wireless Earbuds,Audio,12000.00
P733,Audio-Technica Over-Ear Headphones,Audio,18000.00
P734,Audio-Technica Soundbar,Audio,28000.00
P735,Audio-Technica Home Theater,Audio,60000.00
P736,Audio-Technica DJ Headphones,Audio,20000.00
P737,Audio-Technica Studio Monitor,Audio,38000.00
P738,Audio-Technica Party Speaker,Audio,48000.00
P739,Audio-Technica Earphones,Audio,4000.00
P740,Audio-Technica Amp,Audio,22000.00
P741,Beats Portable Speaker,Audio,10000.00
P742,Beats Wireless Earbuds,Audio,16000.00
P743,Beats Over-Ear Headphones,Audio,24000.00
P744,Beats Soundbar,Audio,38000.00
P745,Beats Home Theater,Audio,75000.00
P746,Beats DJ Headphones,Audio,28000.00
P747,Beats Studio Monitor,Audio,48000.00
P748,Beats Party Speaker,Audio,58000.00
P749,Beats Earphones,Audio,5500.00
P750,Beats Amp,Audio,30000.00
P751,Skullcandy Portable Speaker,Audio,4000.00
P752,Skullcandy Wireless Earbuds,Audio,6000.00
P753,Skullcandy Over-Ear Headphones,Audio,8000.00
P754,Skullcandy Soundbar,Audio,15000.00
P755,Skullcandy Home Theater,Audio,30000.00
P756,Skullcandy DJ Headphones,Audio,10000.00
P757,Skullcandy Studio Monitor,Audio,20000.00
P758,Skullcandy Party Speaker,Audio,25000.00
P759,Skullcandy Earphones,Audio,2000.00
P760,Skullcandy Amp,Audio,12000.00
P761,Jabra Portable Speaker,Audio,5000.00
P762,Jabra Wireless Earbuds,Audio,10000.00
P763,Jabra Over-Ear Headphones,Audio,14000.00
P764,Jabra Soundbar,Audio,20000.00
P765,Jabra Home Theater,Audio,40000.00
P766,Jabra DJ Headphones,Audio,15000.00
P767,Jabra Studio Monitor,Audio,25000.00
P768,Jabra Party Speaker,Audio,32000.00
P769,Jabra Earphones,Audio,3000.00
P770,Jabra Amp,Audio,16000.00
P771,Bang & Olufsen Portable Speaker,Audio,20000.00
P772,Bang & Olufsen Wireless Earbuds,Audio,30000.00
P773,Bang & Olufsen Over-Ear Headphones,Audio,40000.00
P774,Bang & Olufsen Soundbar,Audio,60000.00
P775,Bang & Olufsen Home Theater,Audio,120000.00
P776,Bang & Olufsen DJ Headphones,Audio,45000.00
P777,Bang & Olufsen Studio Monitor,Audio,80000.00
P778,Bang & Olufsen Party Speaker,Audio,95000.00
P779,Bang & Olufsen Earphones,Audio,15000.00
P780,Bang & Olufsen Amp,Audio,50000.00
P781,Bowers & Wilkins Portable Speaker,Audio,18000.00
P782,Bowers & Wilkins Wireless Earbuds,Audio,28000.00
P783,Bowers & Wilkins Over-Ear Headphones,Audio,38000.00
P784,Bowers & Wilkins Soundbar,Audio,55000.00
P785,Bowers & Wilkins Home Theater,Audio,110000.00
P786,Bowers & Wilkins DJ Headphones,Audio,42000.00
P787,Bowers & Wilkins Studio Monitor,Audio,75000.00
P788,Bowers & Wilkins Party Speaker,Audio,85000.00
P789,Bowers & Wilkins Earphones,Audio,12000.00
P790,Bowers & Wilkins Amp,Audio,45000.00
P791,Marshall Portable Speaker,Audio,15000.00
P792,Marshall Wireless Earbuds,Audio,14000.00
P793,Marshall Over-Ear Headphones,Audio,20000.00
P794,Marshall Soundbar,Audio,30000.00
P795,Marshall Home Theater,Audio,60000.00
P796,Marshall DJ Headphones,Audio,22000.00
P797,Marshall Studio Monitor,Audio,40000.00
P798,Marshall Party Speaker,Audio,50000.00
P799,Marshall Earphones,Audio,8000.00
P800,Marshall Amp,Audio,25000.00
P801,Canon DSLR Camera,Photo,45000.00
P802,Canon Mirrorless Camera,Photo,65000.00
P803,Canon Action Camera,Photo,20000.00
P804,Canon Drone,Photo,80000.00
P805,Canon Lens,Photo,35000.00
P806,Canon Tripod,Photo,4000.00
P807,Canon Camera Bag,Photo,2500.00
P808,Canon Flash,Photo,8000.00
P809,Canon SD Card,Photo,1500.00
P810,Canon Gimbal,Photo,12000.00
P811,Nikon DSLR Camera,Photo,42000.00
P812,Nikon Mirrorless Camera,Photo,62000.00
P813,Nikon Action Camera,Photo,18000.00
P814,Nikon Drone,Photo,75000.00
P815,Nikon Lens,Photo,32000.00
P816,Nikon Tripod,Photo,3500.00
P817,Nikon Camera Bag,Photo,2200.00
P818,Nikon Flash,Photo,7500.00
P819,Nikon SD Card,Photo,1200.00
P820,Nikon Gimbal,Photo,11000.00
P821,Sony DSLR Camera,Photo,48000.00
P822,Sony Mirrorless Camera,Photo,70000.00
P823,Sony Action Camera,Photo,25000.00
P824,Sony Drone,Photo,85000.00
P825,Sony Lens,Photo,40000.00
P826,Sony Tripod,Photo,4500.00
P827,Sony Camera Bag,Photo,3000.00
P828,Sony Flash,Photo,9000.00
P829,Sony SD Card,Photo,2000.00
P830,Sony Gimbal,Photo,15000.00
P831,Fujifilm DSLR Camera,Photo,46000.00
P832,Fujifilm Mirrorless Camera,Photo,68000.00
P833,Fujifilm Action Camera,Photo,22000.00
P834,Fujifilm Drone,Photo,82000.00
P835,Fujifilm Lens,Photo,38000.00
P836,Fujifilm Tripod,Photo,4200.00
P837,Fujifilm Camera Bag,Photo,2800.00
P838,Fujifilm Flash,Photo,8500.00
P839,Fujifilm SD Card,Photo,1800.00
P840,Fujifilm Gimbal,Photo,14000.00
P841,Panasonic DSLR Camera,Photo,44000.00
P842,Panasonic Mirrorless Camera,Photo,64000.00
P843,Panasonic Action Camera,Photo,19000.00
P844,Panasonic Drone,Photo,78000.00
P845,Panasonic Lens,Photo,34000.00
P846,Panasonic Tripod,Photo,3800.00
P847,Panasonic Camera Bag,Photo,2400.00
P848,Panasonic Flash,Photo,7800.00
P849,Panasonic SD Card,Photo,1400.00
P850,Panasonic Gimbal,Photo,11500.00
P851,Olympus DSLR Camera,Photo,40000.00
P852,Olympus Mirrorless Camera,Photo,60000.00
P853,Olympus Action Camera,Photo,17000.00
P854,Olympus Drone,Photo,72000.00
P855,Olympus Lens,Photo,30000.00
P856,Olympus Tripod,Photo,3200.00
P857,Olympus Camera Bag,Photo,2000.00
P858,Olympus Flash,Photo,7000.00
P859,Olympus SD Card,Photo,1000.00
P860,Olympus Gimbal,Photo,10000.00
P861,Leica DSLR Camera,Photo,85000.00
P862,Leica Mirrorless Camera,Photo,120000.00
P863,Leica Action Camera,Photo,40000.00
P864,Leica Drone,Photo,150000.00
P865,Leica Lens,Photo,80000.00
P866,Leica Tripod,Photo,8000.00
P867,Leica Camera Bag,Photo,6000.00
P868,Leica Flash,Photo,15000.00
P869,Leica SD Card,Photo,4000.00
P870,Leica Gimbal,Photo,25000.00
P871,GoPro DSLR Camera,Photo,35000.00
P872,GoPro Mirrorless Camera,Photo,50000.00
P873,GoPro Action Camera,Photo,30000.00
P874,GoPro Drone,Photo,60000.00
P875,GoPro Lens,Photo,20000.00
P876,GoPro Tripod,Photo,2500.00
P877,GoPro Camera Bag,Photo,1500.00
P878,GoPro Flash,Photo,5000.00
P879,GoPro SD Card,Photo,800.00
P880,GoPro Gimbal,Photo,8000.00
P881,DJI DSLR Camera,Photo,55000.00
P882,DJI Mirrorless Camera,Photo,75000.00
P883,DJI Action Camera,Photo,35000.00
P884,DJI Drone,Photo,90000.00
P885,DJI Lens,Photo,45000.00
P886,DJI Tripod,Photo,5000.00
P887,DJI Camera Bag,Photo,3500.00
P888,DJI Flash,Photo,10000.00
P889,DJI SD Card,Photo,2500.00
P890,DJI Gimbal,Photo,18000.00
P891,Insta360 DSLR Camera,Photo,38000.00
P892,Insta360 Mirrorless Camera,Photo,55000.00
P893,Insta360 Action Camera,Photo,32000.00
P894,Insta360 Drone,Photo,65000.00
P895,Insta360 Lens,Photo,25000.00
P896,Insta360 Tripod,Photo,3000.00
P897,Insta360 Camera Bag,Photo,1800.00
P898,Insta360 Flash,Photo,6000.00
P899,Insta360 SD Card,Photo,1200.00
P900,Insta360 Gimbal,Photo,9000.00
P901,Fitbit Fitness Tracker,Health,8000.00
P902,Fitbit GPS Watch,Health,12000.00
P903,Fitbit Heart Rate Monitor,Health,5000.00
P904,Fitbit Smart Scale,Health,4000.00
P905,Fitbit Running Watch,Health,10000.00
P906,Fitbit Triathlon Watch,Health,15000.00
P907,Fitbit Step Counter,Health,2000.00
P908,Fitbit Sleep Tracker,Health,6000.00
P909,Fitbit Activity Band,Health,3500.00
P910,Fitbit Sport Watch,Health,9000.00
P911,Garmin Fitness Tracker,Health,12000.00
P912,Garmin GPS Watch,Health,18000.00
P913,Garmin Heart Rate Monitor,Health,8000.00
P914,Garmin Smart Scale,Health,6000.00
P915,Garmin Running Watch,Health,15000.00
P916,Garmin Triathlon Watch,Health,25000.00
P917,Garmin Step Counter,Health,3000.00
P918,Garmin Sleep Tracker,Health,9000.00
P919,Garmin Activity Band,Health,5000.00
P920,Garmin Sport Watch,Health,14000.00
P921,Suunto Fitness Tracker,Health,10000.00
P922,Suunto GPS Watch,Health,15000.00
P923,Suunto Heart Rate Monitor,Health,6000.00
P924,Suunto Smart Scale,Health,4500.00
P925,Suunto Running Watch,Health,12000.00
P926,Suunto Triathlon Watch,Health,20000.00
P927,Suunto Step Counter,Health,2500.00
P928,Suunto Sleep Tracker,Health,7000.00
P929,Suunto Activity Band,Health,4000.00
P930,Suunto Sport Watch,Health,11000.00
P931,Polar Fitness Tracker,Health,9000.00
P932,Polar GPS Watch,Health,14000.00
P933,Polar Heart Rate Monitor,Health,5500.00
P934,Polar Smart Scale,Health,4200.00
P935,Polar Running Watch,Health,11000.00
P936,Polar Triathlon Watch,Health,18000.00
P937,Polar Step Counter,Health,2200.00
P938,Polar Sleep Tracker,Health,6500.00
P939,Polar Activity Band,Health,3800.00
P940,Polar Sport Watch,Health,10500.00
P941,Coros Fitness Tracker,Health,11000.00
P942,Coros GPS Watch,Health,16000.00
P943,Coros Heart Rate Monitor,Health,7000.00
P944,Coros Smart Scale,Health,5000.00
P945,Coros Running Watch,Health,13000.00
P946,Coros Triathlon Watch,Health,22000.00
P947,Coros Step Counter,Health,2800.00
P948,Coros Sleep Tracker,Health,8000.00
P949,Coros Activity Band,Health,4500.00
P950,Coros Sport Watch,Health,12500.00
P951,Amazfit Fitness Tracker,Health,6000.00
P952,Amazfit GPS Watch,Health,9000.00
P953,Amazfit Heart Rate Monitor,Health,3500.00
P954,Amazfit Smart Scale,Health,2500.00
P955,Amazfit Running Watch,Health,7000.00
P956,Amazfit Triathlon Watch,Health,12000.00
P957,Amazfit Step Counter,Health,1500.00
P958,Amazfit Sleep Tracker,Health,4000.00
P959,Amazfit Activity Band,Health,2000.00
P960,Amazfit Sport Watch,Health,6500.00
P961,Xiaomi Fitness Tracker,Health,4000.00
P962,Xiaomi GPS Watch,Health,6000.00
P963,Xiaomi Heart Rate Monitor,Health,2500.00
P964,Xiaomi Smart Scale,Health,1800.00
P965,Xiaomi Running Watch,Health,5000.00
P966,Xiaomi Triathlon Watch,Health,8000.00
P967,Xiaomi Step Counter,Health,1000.00
P968,Xiaomi Sleep Tracker,Health,3000.00
P969,Xiaomi Activity Band,Health,1500.00
P970,Xiaomi Sport Watch,Health,4500.00
P971,Huawei Fitness Tracker,Health,5000.00
P972,Huawei GPS Watch,Health,7500.00
P973,Huawei Heart Rate Monitor,Health,3000.00
P974,Huawei Smart Scale,Health,2200.00
P975,Huawei Running Watch,Health,6000.00
P976,Huawei Triathlon Watch,Health,10000.00
P977,Huawei Step Counter,Health,1200.00
P978,Huawei Sleep Tracker,Health,3500.00
P979,Huawei Activity Band,Health,1800.00
P980,Huawei Sport Watch,Health,5500.00
P981,Apple Fitness Tracker,Health,15000.00
P982,Apple GPS Watch,Health,45000.00
P983,Apple Heart Rate Monitor,Health,10000.00
P984,Apple Smart Scale,Health,8000.00
P985,Apple Running Watch,Health,35000.00
P986,Apple Triathlon Watch,Health,55000.00
P987,Apple Step Counter,Health,5000.00
P988,Apple Sleep Tracker,Health,12000.00
P989,Apple Activity Band,Health,8500.00
P990,Apple Sport Watch,Health,40000.00
P991,Samsung Fitness Tracker,Health,10000.00
P992,Samsung GPS Watch,Health,25000.00
P993,Samsung Heart Rate Monitor,Health,7000.00
P994,Samsung Smart Scale,Health,5000.00
P995,Samsung Running Watch,Health,20000.00
P996,Samsung Triathlon Watch,Health,35000.00
P997,Samsung Step Counter,Health,3000.00
P998,Samsung Sleep Tracker,Health,8000.00
P999,Samsung Activity Band,Health,4500.00
P1000,Samsung Sport Watch,Health,22000.00
